,C,Training Accuracy,Cross Validation Accuracy
0,3.1622776601683795,0.7052676078113074,0.7051550376361229
1,10.0,0.7052700234803027,0.7051531051009267
2,100.0,0.7052690572127045,0.7051531051009267
3,1000.0,0.7052661584099101,0.7051473074953376
4,10000.0,0.7052661584099101,0.7051473074953376
