,C,Training Accuracy,Cross Validation Accuracy
0,3.1622776601683795,0.7052192944313997,0.705245866790349
1,10.0,0.7048550115468978,0.7047723956672561
2,100.0,0.7051758123894831,0.7051647003121044
3,1000.0,0.705485984288489,0.7053753466485009
4,10000.0,0.7053222019306027,0.7053057753814341
